"0","library(highcharter)
"
"2","Warning: package ‘highcharter’ was built under R version 4.4.2"
"2","Registered S3 methods overwritten by 'htmltools':
  method               from         
  print.html           tools:rstudio
  print.shiny.tag      tools:rstudio
  print.shiny.tag.list tools:rstudio
"
"2","Registered S3 method overwritten by 'htmlwidgets':
  method           from         
  print.htmlwidget tools:rstudio
"
"2","Registered S3 method overwritten by 'quantmod':
  method            from
  as.zoo.data.frame zoo 
"
"2","Registered S3 method overwritten by 'data.table':
  method           from
  print.data.table     
"
"2","Highcharts (www.highcharts.com) is a Highsoft software product which is
"
"2","not free for commercial and Governmental use
"
